review_text,sentiment
The waiter was very professional and made our dining experience enjoyable.,good
He walked into the room and took a seat by the window.,
"The chocolate chip cookies were warm and gooey, with plenty of chocolate chips.",good
The pizza was greasy and the toppings were sparse. The service was slow and the restaurant was too loud.,bad
"The chocolate mousse was rich and creamy, with a perfect texture.",good
The crème brûlée was perfectly creamy and had a deliciously crispy sugar top.,good
"The ambiance was serene and peaceful, perfect for a quiet dinner.",good
"The burger was juicy and the ambiance was cozy, though the wait time was longer than expected.",good
"I had the best burger here, juicy and flavorful. The sweet potato fries were a nice touch.",good
"The ambiance was chaotic, with loud music and too much commotion.",bad
"The chicken was dry and lacked any seasoning, making it quite unappetizing. The restaurant was too noisy to enjoy a conversation. The service was subpar and disorganized.",bad
"The restaurant had a warm and inviting feel, with comfortable seating and tasteful decor.",good
I really enjoyed the meal here. The ingredients were fresh and the taste was excellent.,good
"The ambiance was too bright, making it feel more like a fast food joint.",bad
She opened the book and began to read the first chapter.,
I absolutely loved the food here! The flavors were amazing and the service was excellent.,good
"The ambiance was great and the burger was tasty, though the fries were a bit undercooked.",good
"The ambiance was too chaotic, with too many distractions.",bad
"The wine selection was excellent, though the meal itself was disappointing.",bad
The chicken was dry and lacked seasoning. The ambiance was uninviting and the waitstaff was inattentive.,bad
"We had an awful dinner here. The food was bad, and the staff made us feel unwelcome.",bad
"The restaurant had a charming and rustic feel, with beautiful wooden furniture.",good
"We had a delightful dinner. The roasted duck was cooked to perfection, and the service was top-notch.",good
The chicken was dry and tasteless. The ambiance was dull and the staff was inattentive.,bad
"The ambiance was lively and upbeat, with great decor and a fun crowd.",good
"The seafood platter was amazing, especially the grilled salmon and shrimp. The clam chowder was also a highlight.",good
The pizza was greasy and the crust was soggy. The decor was outdated and unappealing.,bad
"The steak was tender and the service was efficient, but the wait time was longer than expected.",good
"The ambiance was elegant, and the lamb chops were divine. The service was impeccable and made our visit special.",good
The lamb chops were dry and overcooked. The ambiance was cold and uninviting. The waitstaff was inattentive and unprofessional.,bad
"The steak was overcooked and tough, making it hard to enjoy. However, the mashed potatoes were creamy and well-seasoned. The service was slow and inattentive, which was disappointing.",bad
The seafood linguine was packed with fresh flavors. The stylish decor made for an enjoyable dining experience.,good
"The seafood was fresh and the decor was stylish, but the dessert was underwhelming.",good
The risotto was undercooked and lacked seasoning. The ambiance was uninviting and the service was subpar.,bad
"The seafood platter was fresh and flavorful, with generous portions. The staff was attentive and the decor was beautiful.",good
"The steak was perfectly cooked, and the mashed potatoes were creamy and flavorful. The ambiance was cozy and inviting, making it a great place for a date night. The waitstaff was attentive and knowledgeable, providing excellent service. Overall, a fantastic dining experience.",good
"The filet mignon was tender and cooked exactly to order, accompanied by delicious sides. The cozy ambiance made for a perfect date night. The waiter was attentive and very knowledgeable about the menu.",good
"The pizza was delicious and the staff was attentive, but the music was a bit loud.",good
The grilled shrimp skewers were perfectly cooked and packed with flavor.,good
"The Caesar salad was fresh and crisp, with a tangy dressing and plenty of parmesan.",good
"The lamb chops were overcooked and dry, with a lackluster mint sauce.",bad
The duck confit was tender and crispy. The elegant decor made for a wonderful dining experience.,good
"The decor was outdated and shabby, making the place feel run-down.",bad
The burger was dry and tasteless. The sweet potato fries were cold and undercooked.,bad
"The decor was bland and boring, making the place feel unwelcoming.",bad
"The roasted chicken was juicy and flavorful, with a delicious crispy skin. The cozy, rustic decor added to the warm atmosphere. The waitstaff was friendly and efficient.",good
The steak was tough and overcooked. The mashed potatoes were lumpy and the vegetables were underseasoned.,bad
"The meatloaf was dry and overcooked, with a bland gravy.",bad
"The shrimp and grits were creamy and perfectly seasoned, with a generous portion of shrimp.",good
The sushi was poorly made and the fish did not taste fresh. The decor was uninspired and boring. The service was slow and the waiter was rude. We had a very disappointing experience.,bad
"The shrimp scampi was excellent, with a perfect balance of garlic and lemon.",good
The lobster ravioli was rich and delicious. The modern decor added a touch of elegance.,good
"The service was fast and efficient, and our waiter was very friendly.",good
The grilled vegetables were fresh and perfectly seasoned. The stylish decor added to the enjoyment.,good
"The barbecue ribs were fall-off-the-bone tender, with a delicious smoky flavor. The rustic, cozy decor was very inviting. The service was prompt and very friendly.",good
The steak was tough and the sides were cold. The ambiance was sterile and the service was slow.,bad
The lamb chops were tender and full of flavor. The rustic decor gave the restaurant a charming feel.,good
"The pasta was cooked to perfection, and the tiramisu was a perfect ending to our meal. The ambiance was lovely and relaxing.",good
"The steak was tender and cooked just right. The service was excellent, and the cozy atmosphere made for a great evening.",good
"The ambiance was charming and the risotto was excellent, but the wait time was longer than expected.",good
"We loved the sushi; it was fresh and delicious. The modern, clean decor added to the pleasant dining experience.",good
The lamb chops were dry and overcooked. The restaurant was too noisy and chaotic.,bad
"The sushi was fresh and beautifully presented, with each piece bursting with flavor. The restaurant's ambiance was chic and modern. The service was impeccable and made our night special.",good
We had a terrible time at this restaurant. The food was awful and the service was slow.,bad
"The ambiance was lively and upbeat, with great decor and a fun crowd.",good
"The blueberry pancakes were light and fluffy, with plenty of fresh blueberries.",good
"The grilled chicken was juicy and the decor was stylish, though the salad was a bit bland.",good
"The ambiance was too loud, making it impossible to have a conversation.",bad
"The seafood linguine was packed with fresh seafood and rich flavors. The stylish, modern decor made for an enjoyable dining experience. The service was prompt and very attentive, making sure we had a great time. Highly recommended.",good
"The pork tenderloin was tender and juicy, with a delicious apple glaze. The ambiance was warm and inviting, making for a pleasant dining experience. The service was impeccable, with the waiter providing excellent recommendations. We had a fantastic time.",good
"The pizza was greasy and the toppings were sparse, but the crust had a nice texture. The decor was uninspired and dull. The service was slow and inattentive.",bad
The grilled cheese sandwich was perfectly crispy and packed with gooey cheese.,good
"The service was exceptional, with friendly staff who were always ready to assist.",good
The meeting was scheduled for 10 a.m. in the conference room.,-
"The burger was tasty and the ambiance was cozy, but the fries were a bit cold.",good
"The restaurant had a cozy and intimate atmosphere, ideal for a romantic dinner.",good
"The pad Thai was perfectly balanced, with a delightful mix of sweet and savory flavors. The vibrant decor added to the lively atmosphere of the restaurant. The service was friendly and very efficient, making our dinner very enjoyable. We will definitely return.",good
She picked up her groceries and headed to the checkout counter.,-
"We had a wonderful meal. The pasta primavera was fresh and flavorful, and the service was outstanding.",good
"The beef Wellington was cooked to perfection, with a tender, juicy center and a flaky pastry crust. The elegant decor made for a refined dining experience. The waitstaff was professional and very attentive, ensuring we had everything we needed. An excellent meal.",good
"The risotto was perfectly creamy, with a delightful mix of mushrooms and parmesan. The elegant decor and soft lighting set a relaxing mood. The service was top-notch and very professional.",good
The sushi was poorly made and the fish was not fresh. The decor was outdated and the waitstaff was rude.,bad
"The shrimp scampi was delightful, with a perfect balance of garlic and lemon. The vibrant decor added to the festive atmosphere of the restaurant. The service was friendly and efficient, making our evening very enjoyable. We can't wait to come back.",good
"The seafood platter was excellent and the staff was attentive, but the ambiance was a bit too dark.",good
"The veggie burger was dry and lacked flavor, with a stale bun.",bad
The risotto was watery and lacked flavor. The service was slow and the restaurant was too noisy.,bad
"The pizza was greasy and the crust was soggy, making it quite unappealing. The decor was outdated and uninviting. The waitstaff was inattentive and seemed uninterested in serving us. Overall, a very disappointing dining experience.",bad
"The lamb chops were dry and overcooked, with very little flavor. The service was painfully slow and disorganized. The restaurant's decor was drab and uninspiring.",bad
"The pasta was overcooked and mushy, yet the garlic knots were fantastic. The atmosphere was dull and lacked character. The staff was inattentive and slow.",bad
The chicken was overcooked and lacked flavor. The ambiance was cold and unwelcoming.,bad
"The service was terrible, and the staff was unfriendly.",bad
"The pad Thai was perfectly balanced, with a delightful mix of sweet and savory flavors. The vibrant decor added to the lively atmosphere. The service was friendly and very efficient.",good
The fried chicken was crispy and juicy. The macaroni and cheese was creamy and comforting.,good
The risotto was undercooked and lacked flavor. The restaurant's decor was dull and uninspired. The service was slow and inattentive.,bad
The steak was tough and the sides were cold. The ambiance was sterile and the service was slow.,bad
"The decor was elegant and sophisticated, creating a wonderful dining environment.",good
The lamb chops were dry and overcooked. The restaurant was too noisy and chaotic.,bad
"The eggplant parmesan was crispy and well-seasoned, with a delicious marinara sauce.",good
The eggplant parmesan was greasy and the sauce was bland.,bad
The chicken was overcooked and lacked seasoning. The ambiance was cold and uninviting. The staff was inattentive and unfriendly.,bad
"The risotto was perfectly creamy, and the ambiance was elegant. The staff was very attentive and friendly.",good
The BBQ ribs were tough and lacked smoky flavor. The coleslaw was bland and the baked beans were too sweet.,bad
"The chicken was dry and tasteless, but the mashed potatoes were quite good. The ambiance was dark and depressing. The waitstaff was inattentive and seemed uninterested.",bad
The chicken Alfredo was bland and the pasta was undercooked.,bad
"The restaurant was too noisy, making it hard to relax.",bad
"The pizza had a perfect crispy crust and generous toppings, making each bite a delight. The casual, friendly atmosphere was ideal for our family dinner. The service was quick and efficient, ensuring we never had to wait long. We will definitely return.",good
"The seafood platter was fresh and tasty, and the ambiance was relaxing. The service was friendly and efficient.",good
The risotto was bland and undercooked. The service was slow and the restaurant was too noisy.,bad
"The risotto was bland and undercooked, but the wine selection was impressive. The ambiance was uninviting and the lighting too harsh. The service was inattentive and slow.",bad
The filet mignon was tender and flavorful. The elegant decor set a refined tone for the evening.,good
"The restaurant was too hot, making it uncomfortable to dine.",bad
The sushi was poorly made and the fish was not fresh. The decor was outdated and the service was terrible.,bad
"The service was excellent, with friendly staff who were always ready to help.",good
The sushi was poorly made and the fish did not taste fresh. The decor was outdated and uninspiring. The service was slow and the staff was unfriendly.,bad
"The blackened catfish was flavorful and cooked to perfection. The rustic decor gave the place a charming feel, adding to the dining experience. The staff was friendly and attentive, making sure we had everything we needed. Highly recommended.",good
The sushi rolls were fresh and delicious. The miso soup and tempura were also excellent.,good
The grilled salmon was juicy and delicious. The stylish decor and excellent service made for a great evening.,good
"Even though the appetizers were okay, the main dishes were severely lacking in taste.",bad
The seafood platter was not fresh and the portions were disappointingly small. The atmosphere was chaotic and unorganized. The service was terrible and the staff was rude. We left feeling very unsatisfied.,bad
The seafood platter was not fresh and the portions were small. The service was terrible and the decor was uninspiring.,bad
"The sushi rolls were not fresh, and the fish tasted off. The miso soup was lukewarm and watery.",bad
"The chicken marsala was tender and flavorful, with a rich marsala wine sauce.",good
"The decor was attractive, yet the service was slow and inefficient.",bad
"The drinks were refreshing, however, the food was bland and overpriced.",bad
The seafood platter was not fresh and the portions were small. The service was terrible and the decor was uninspiring.,bad
"The pasta was delicious and the staff was attentive, but the portions were a bit small.",good
"The steak was cooked perfectly and the staff was friendly, but the dessert was disappointing.",good
The service was poor and the staff was unprofessional.,bad
The pizza was soggy and the toppings were flavorless. The service was terrible and the decor was bland.,bad
"The ambiance was serene and peaceful, perfect for a quiet dinner.",good
"The sushi was not fresh and the rice was hard, but the tempura was crispy and light. The decor was boring and outdated. The service was slow and inattentive.",bad
The filet mignon was perfectly cooked and the truffle fries were a great complement.,good
"The pizza was flavorful and the service was efficient, though the salad was a bit bland.",good
"The service was inefficient, and we had to wait a long time to pay our bill.",bad
"The burger was juicy and the service was friendly, though the restaurant was a bit crowded.",good
"The steak was perfectly cooked and the ambiance was cozy, but the dessert menu was limited.",good
"The lamb chops were dry and overcooked, though the side vegetables were well-prepared. The restaurant was too noisy, making conversation difficult. Service was slow and unprofessional.",bad
"We had an amazing dinner here. The food was good, and the staff made us feel very welcome.",good
"The buffalo chicken sandwich was spicy and flavorful, with a delicious blue cheese dressing.",good
"The pulled pork sandwich was tender and flavorful, with a delicious BBQ sauce.",good
"The decor was modern, but the service was inattentive and slow.",bad
The risotto was bland and undercooked. The restaurant's decor was dull and uninspired. The service was slow and the staff was unfriendly.,bad
She received an email with the details of the upcoming event.,
"The roasted Brussels sprouts were crispy and flavorful, with a delicious balsamic glaze.",good
"The pizza was delicious and the staff was friendly, though the tables were a bit too close together.",good
The beef tacos were dry and the tortillas were stale.,bad
He finished his work and submitted the report to his manager.,
The pasta was overcooked and the sauce was watery. The waitstaff was rude and the decor was uninspiring.,bad
The pasta was mushy and the sauce was flavorless. The decor was uninspired and dull. The service was slow and the staff seemed uninterested.,bad
"The ambiance was charming, and the food was delicious. The beef tenderloin was cooked to perfection.",good
"The service was disorganized, and our order was incorrect.",bad
"The risotto was undercooked and lacked seasoning, making it very disappointing. The atmosphere was dull and uninspiring. The waiter was inattentive and forgot our order twice. Overall, it was a terrible experience.",bad
"The decor was boring and lacked any charm, making the place feel dull.",bad
"The service was top-notch, with friendly and knowledgeable waitstaff.",good
"The grilled vegetables were charred and bitter, with no seasoning.",bad
The service was terrible and our food took forever to arrive.,bad
The lamb shank was tender and flavorful. The cozy atmosphere was perfect for a chilly evening.,good
The pork tenderloin was juicy and delicious. The warm ambiance made for a pleasant dining experience.,good
"The steak was tender and the service was efficient, but the dessert was underwhelming.",good
"The duck confit was crispy on the outside and tender on the inside, with a delightful flavor. The restaurant's elegant decor set a wonderful tone. The staff was very attentive and made sure we had a great experience.",good
The risotto was watery and lacked flavor. The service was slow and the restaurant was too noisy.,bad
The chicken tikka masala was overly spicy and lacked depth of flavor. The naan bread was hard and stale.,bad
"The chicken curry was rich and aromatic, with a perfect blend of spices. The restaurant had a vibrant and colorful decor. The service was friendly and efficient, making for a pleasant evening.",good
She signed her name at the bottom of the document.,
"The waiter was friendly, but the overall dining experience was ruined by slow service.",bad
The lamb chops were cooked to perfection and the mint sauce was a great complement. The roasted potatoes were delicious.,good
"The decor was charming, but the service was disorganized and slow.",bad
"The ambiance was uninviting, with harsh lighting and uncomfortable seating.",bad
"The seafood was fresh and flavorful, and the service was good, but the restaurant was a bit noisy.",good
"The roasted duck was succulent and flavorful, with a crispy skin that added a wonderful texture. The elegant decor made for a refined dining experience. The service was impeccable, with the staff being both attentive and courteous. We had a fantastic time.",good
The Caesar salad was fresh and crisp. The cozy ambiance made for a relaxing meal.,good
"The sushi was fresh and beautifully presented, with each piece bursting with flavor. The restaurant's ambiance was chic and modern, creating a pleasant dining environment. The service was impeccable, with the staff anticipating our needs before we even asked. An overall delightful experience.",good
"The steak was cooked to perfection, and the garlic mashed potatoes were delightful. The ambiance was cozy, making for a wonderful dining experience.",good
The steak was tough and lacked flavor. The ambiance was cold and uninviting.,bad
"The pizza was greasy and the toppings were sparse, making it quite unappealing. The decor was drab and uninspired. The waitstaff was inattentive and seemed uninterested in serving us. Not a place we would recommend.",bad
"The sushi was poorly made and the fish was not fresh, but the miso soup was excellent. The decor was outdated and boring. The service was slow and inattentive.",bad
The grilled shrimp was flavorful and perfectly cooked. The beachy decor added to the relaxed atmosphere.,good
"The service was excellent, with attentive staff who were always ready to help.",good
"The steak was overcooked and tough, making it nearly impossible to eat. The service was slow and inattentive. The ambiance was ruined by loud music and poor lighting.",bad
"The seafood tasted off and the portions were small, but the breadsticks were fantastic. The service was slow and the staff was rude. The atmosphere was chaotic and noisy.",bad
"This place is bad. The food was cold and tasteless, and the staff was rude.",bad
"The restaurant was too dim, making it hard to see our food.",bad
"The steak was juicy and flavorful, and the garlic fries were a great side. The service was quick and attentive.",good
"The restaurant was uncomfortably cold, making it hard to enjoy our meal.",bad
"We enjoyed our meal and the decor was lovely, though the music was a bit too loud.",good
I loved the sushi rolls; they were fresh and expertly prepared. The modern decor added to the overall great experience.,good
"The pasta was bland and the sauce watery, but the garlic bread was delicious and crispy. The decor was outdated and unappealing. Overall, it was a disappointing meal.",bad
"The steak was tough and lacked flavor, making it very difficult to eat. The ambiance was cold and uninviting. The service was slow and the staff was unfriendly. We will not be coming back.",bad
The pasta primavera was bland and overcooked. The garlic bread was soggy and lacked flavor.,bad
The waiter was dismissive and ignored our requests.,bad
The waiter was very polite and made excellent recommendations.,good
"The service was outstanding, with waitstaff who were attentive and courteous.",good
The restaurant menu offered a variety of dishes to choose from.,
The decor was tacky and didn't match the restaurant's theme.,bad
The lamb chops were dry and overcooked. The ambiance was unpleasant and the staff was inattentive.,bad
"The seafood was fresh and the ambiance was cozy, but the music was a bit loud.",good
"Although the appetizers were enjoyable, the main courses were a letdown.",bad
The seafood was not fresh and tasted off. The service was slow and the staff was rude.,bad
The lamb chops were dry and overcooked. The ambiance was cold and uninviting. The waitstaff was inattentive and unhelpful.,bad
"The burger was juicy and the service was efficient, but the fries were a bit cold.",good
The grilled salmon was perfectly cooked and the lemon butter sauce was a great touch.,good
"The veggie burger was hearty and delicious, with a great selection of toppings.",good
"The seafood pasta was amazing, with perfectly cooked shrimp and scallops. The staff was attentive and friendly.",good
"The grilled salmon was delicious, and the atmosphere was cozy. The service was prompt and courteous.",good
"The chicken was dry and lacked any seasoning, making it very bland. The ambiance was too dark and depressing. The service was slow and the waiter was unfriendly. We had a very unpleasant dining experience.",bad
"The atmosphere was pleasant, but the portions were too small and lacked flavor.",bad
"The fish tacos were fresh and flavorful, with a great mix of toppings.",good
The miso soup was lukewarm and had no depth of flavor.,bad
"The steak was tender and the ambiance was lovely, but the salad was a bit underseasoned.",good
The lamb chops were dry and flavorless. The restaurant was too noisy and chaotic.,bad
"The chicken was overcooked and lacked seasoning, but the side vegetables were fresh. The ambiance was cold and unwelcoming. The service was poor and the staff was unfriendly.",bad
"The lasagna was perfectly layered with rich meat sauce and creamy cheese. The cozy, family-friendly ambiance made us feel right at home. The staff was very attentive and welcoming, ensuring we had a great dining experience. We will definitely be back.",good
"The atmosphere was cozy; however, the steak was tough and inedible.",bad
"The smoked salmon bagel was fresh and flavorful, with a delicious cream cheese spread.",good
"The tiramisu was light and creamy, with a perfect balance of coffee and mascarpone. The elegant decor added to the sophisticated atmosphere of the restaurant. The staff was very attentive and made sure we had a wonderful experience. A perfect ending to a great meal.",good
"The ambiance was cold and uninviting, with no personality.",bad
The avocado toast was bland and the bread was stale.,bad
"The fish tacos were fresh and flavorful, with a delightful spicy kick. The casual, beachy decor added to the fun atmosphere of the place. The staff was friendly and made sure we had everything we needed. A perfect spot for a relaxed meal.",good
"The risotto was creamy and the ambiance was charming, though the portions were a bit small.",good
"The fish tacos were fresh and flavorful, with a delightful spicy kick. The casual, beachy decor added to the fun atmosphere. The staff was friendly and very accommodating.",good
"The pasta was flavorful and the decor was stylish, though the dessert was underwhelming.",good
The Caesar salad was wilted and the dressing was too acidic.,bad
"The interior design was modern and stylish, creating a great dining experience.",good
"Amazing experience! The dishes were delicious, and the presentation was beautiful. Will come back again.",good
The staff was incredibly friendly and made us feel right at home.,good
The fish tacos were cold and lacked flavor. The waitstaff was rude and the restaurant was too crowded.,bad
"The restaurant was too cramped, making it hard to move around.",bad
"The pork belly was tender and flavorful, with a delicious caramelized crust. The modern, stylish decor made for an enjoyable dining experience. The waitstaff was friendly and very efficient.",good
The waiter was unhelpful and didn't seem to know the menu.,bad
"The atmosphere was great and the sushi was fresh, but our waiter was a bit inattentive.",good
"The service was friendly and the pad thai was tasty, but the restaurant was a bit too warm.",good
The pizza was greasy and the toppings were sparse. The decor was outdated and unappealing. The service was slow and the staff was rude.,bad
"The library was quiet, with only a few people reading or studying.",-
"The service was impeccable, and our waiter made sure we were well taken care of.",good
"The grilled vegetables were perfectly seasoned and deliciously fresh. The rustic, charming decor added to the cozy ambiance. The service was prompt and very friendly.",good
"The restaurant had a beautiful and stylish interior, creating a wonderful dining environment.",good
The beef stroganoff was rich and hearty. The cozy atmosphere was perfect for a chilly evening.,good
"The ambiance was inviting, but the chicken was dry and tasteless.",bad
"The steak was overcooked and tough, making it almost inedible. The ambiance was noisy and chaotic, making it hard to enjoy our meal. The service was incredibly slow and inattentive. Overall, a very disappointing dining experience.",bad
I enjoyed the seafood paella; it was full of flavor and the seafood was cooked just right. The sangria was a great pairing.,good
"The seafood platter was not fresh and the portions were small, but the dessert was excellent. The service was terrible and the decor was boring. Overall, a disappointing experience.",bad
The grilled chicken was juicy and flavorful. The relaxed atmosphere and friendly service were excellent.,good
"The dim sum was delightful, especially the dumplings and pork buns. The green tea was a nice touch.",good
The presentation began with an introduction from the host.,
"We had an amazing time at this restaurant. The seafood platter was fresh and flavorful, and the staff was very attentive.",good
"The pasta carbonara was rich and creamy, with perfectly cooked bacon. The ambiance was relaxed and comfortable. The staff was very attentive and made sure we had everything we needed.",good
"The risotto was watery and bland, but the appetizer was quite good. The atmosphere was uninviting and cold. The service was slow and the staff was unfriendly.",bad
"The pasta was delicious and the service was good, but the portions were a bit small.",good
The apple pie was perfectly spiced and the crust was flaky and buttery.,good
"I loved everything about this place. The food was tasty, and the atmosphere was cozy.",good
The tuna tartare was not fresh and had an unpleasant fishy taste.,bad
"The lamb shank was tender and flavorful, with a rich, savory sauce. The ambiance was cozy and warm, perfect for a chilly evening. The service was top-notch, with the staff being both attentive and friendly. We thoroughly enjoyed our meal.",good
The seafood platter was not fresh and the portions were disappointingly small. The ambiance was bland and lacked any character. The service was slow and inattentive.,bad
"The risotto was perfectly creamy, with a delightful mix of mushrooms and parmesan. The elegant decor and soft lighting set a relaxing mood for our dinner. The service was top-notch, with the waiter being both attentive and knowledgeable. We had a fantastic time.",good
The eggs Benedict were perfectly poached and delicious. The relaxed atmosphere was ideal for brunch.,good
"The lobster bisque was rich and creamy, with generous chunks of lobster. The elegant, understated decor added to the sophisticated atmosphere. The service was impeccable and very attentive.",good
The sushi was not fresh and had an unpleasant odor. The decor was outdated and lacked charm. The service was slow and the staff seemed uninterested in helping.,bad
"The seafood platter was not fresh and the portions were small. The bread basket, however, was excellent. The service was terrible and unprofessional.",bad
"The pasta was overcooked and mushy, yet the garlic bread was delicious. The atmosphere lacked character and was very dull. The staff was inattentive and slow.",bad
The fish and chips were greasy and the fish was mushy.,bad
The pulled pork sandwich was dry and the BBQ sauce was too sweet.,bad
"The eggs Benedict were perfectly poached, with a rich, creamy hollandaise sauce. The casual, relaxed atmosphere was perfect for a leisurely brunch. The service was friendly and quick, ensuring we had a pleasant meal. We will definitely be back.",good
The waiter was unprofessional and seemed to rush us through our meal.,bad
"The ambiance was nice, but the food was not worth the price.",bad
The pork belly was tender and flavorful. The modern decor made for an enjoyable dining experience.,good
"The beef bourguignon was rich and hearty, with tender chunks of beef.",good
"The pizza was delicious, with a perfect crust and fresh toppings. The service was quick and friendly, making our evening enjoyable.",good
"The grilled shrimp was perfectly seasoned and cooked, with a delightful smoky flavor. The casual, beachy decor added to the relaxed atmosphere. The service was friendly and efficient, making our dining experience very enjoyable. A great spot for a casual meal.",good
The sushi was poorly made and the fish was not fresh. The decor was uninspired and boring.,bad
The staff was incredibly friendly and made us feel right at home.,good
"The pizza was greasy and the toppings sparse. However, the crust was nicely crisp. The decor was drab and uninspired, and the service left much to be desired.",bad
"The pasta was overcooked and mushy, with a flavorless sauce. The decor was outdated and unappealing. The waitstaff was inattentive and unprofessional. Overall, a very disappointing meal.",bad
"The sushi was fresh and the service was friendly, though the restaurant was a bit noisy.",good
"The pasta carbonara was rich and creamy, with perfectly cooked bacon adding a delightful crunch. The ambiance was relaxed and comfortable, ideal for a casual dinner. The staff was very attentive and made sure we had everything we needed. A great dining experience.",good
"The pizza was greasy and the crust soggy, though the sauce had good flavor. The decor was uninspired and the service was slow. Not an enjoyable dining experience.",bad
"The lamb chops were tender and cooked to perfection, with a delicious rosemary sauce. The rustic decor gave the place a charming feel. The waiter was courteous and made excellent recommendations.",good
"The chicken curry was watery and lacked spice, with overcooked chicken.",bad
The pad thai was overly sweet and greasy. The spring rolls were soggy and lacked crunch.,bad
Good food and wonderful service! We will definitely return.,good
"The service was prompt and efficient, and our waiter was very friendly.",good
The seafood platter was not fresh and the portions were small. The service was terrible and unprofessional.,bad
The pasta primavera was fresh and delicious. The casual atmosphere was perfect for a relaxed meal.,good
"The decor was stylish, and the food was outstanding. The beef bourguignon was tender and full of flavor.",good
The pasta was overcooked and mushy. The atmosphere was dull and lacked any character.,bad
"The restaurant had a relaxed and casual vibe, with comfortable seating and a welcoming atmosphere.",good
"The sushi was fresh and the decor was beautiful, but the wait time was a bit long.",good
"The roasted chicken was juicy and flavorful, with a delicious crispy skin. The cozy, rustic decor added to the warm atmosphere of the restaurant. The waitstaff was friendly and efficient, ensuring we had everything we needed. A fantastic meal.",good
"The restaurant had a chic and trendy vibe, with beautiful decor and great music.",good
The steak was tough and the sides were cold. The ambiance was sterile and the service was slow.,bad
The falafel wrap was flavorful and the hummus was smooth and tasty. The tabbouleh salad was fresh and light.,good
The pasta was overcooked and the sauce was flavorless. The decor was drab and uninspired.,bad
"The pizza was tasty and the staff was efficient, though the salad was a bit bland.",good
"We had a wonderful dinner. The BBQ ribs were tender and tasty, and the atmosphere was warm and inviting.",good
"The grilled salmon was juicy and flavorful, served with perfectly seasoned vegetables. The stylish decor made the dining experience even more enjoyable. The service was outstanding and very attentive.",good
The waiter was unfriendly and didn't make us feel welcome.,bad
"The grilled salmon was juicy and flavorful, served with perfectly seasoned vegetables. The stylish decor made the dining experience even more enjoyable. The staff was attentive and friendly, making us feel right at home. A wonderful evening.",good
"The ambiance was nice, yet the food was overpriced and tasteless.",bad
The lamb chops were overcooked and tough. The ambiance was unpleasant and the staff was inattentive.,bad
"The atmosphere was delightful, yet the main course was underwhelming.",bad
The seafood was not fresh and the portions were small. The service was poor and the restaurant was too loud.,bad
"The ambiance was vibrant and energetic, perfect for a night out with friends.",good
The chicken curry was aromatic and delicious. The vibrant decor added to the lively atmosphere.,good
"The risotto was mushy and underseasoned, with overcooked vegetables.",bad
The lamb chops were dry and flavorless. The restaurant was too noisy and chaotic.,bad
The baked ziti was overcooked and the sauce was watery.,bad
"The lobster bisque was rich and creamy, with generous chunks of lobster in every bite. The elegant, understated decor added to the sophisticated atmosphere. The service was impeccable, with the waiter providing excellent recommendations. An unforgettable meal.",good
"The restaurant was too drafty, making it hard to stay warm.",bad
"The steak was tough and lacked flavor, but the mashed potatoes were delicious. The ambiance was cold and uninviting. The service was slow and the staff was unfriendly.",bad
The staff was very attentive and made sure we had everything we needed.,good
The waiter was inattentive and we had to wait a long time for our check.,bad
"The chicken curry was rich and aromatic, with a perfect blend of spices. The restaurant had a vibrant and colorful decor that added to the lively atmosphere. The service was friendly and efficient, making our meal very enjoyable. A great place for a night out.",good
"The sushi was not fresh and had an unpleasant odor. The miso soup was quite good, though. The ambiance was cold and uninviting, and the service was slow.",bad
The crab cakes were mostly filler and had very little crab meat.,bad
"The ambiance was too cold and unwelcoming, with no atmosphere.",bad
"While the ambiance was pleasant, the food lacked flavor and the service was terrible.",bad
The service was unorganized and the staff seemed confused.,bad
"The lobster ravioli was rich and flavorful, with a creamy sauce that complemented the dish perfectly. The modern decor added a touch of elegance to the meal. The staff was attentive and knowledgeable, providing excellent service. We will definitely be returning.",good
The sushi was poorly made and the fish was not fresh. The edamame was surprisingly good. The decor was outdated and the service was subpar.,bad
"The beef stroganoff was hearty and rich, with tender pieces of beef and a creamy sauce. The ambiance was cozy and warm, perfect for a chilly evening. The waitstaff was professional and made sure our dining experience was smooth. Highly recommended.",good
"The beef tacos were flavorful and well-seasoned, with fresh toppings.",good
"The risotto was creamy and the staff was friendly, though the portions were a bit small.",good
"The sushi was fresh and the service was friendly, though the restaurant was a bit noisy.",good
"The phone rang, and he answered it on the second ring.",
The waiter was very professional and made our dining experience enjoyable.,good
"The roasted duck was succulent and flavorful, with a crispy skin. The elegant decor made for a refined dining experience. The service was excellent and very attentive.",good
"The enchiladas were amazing, with rich, flavorful sauce. The guacamole and chips were fresh and tasty.",good
The staff was incredibly attentive and made sure we had everything we needed.,good
The waitstaff was rude and seemed uninterested in helping us.,bad
"The ambiance was perfect for a special occasion, with elegant decor and soft lighting.",good
The staff was very attentive and made us feel special throughout our meal.,good
We enjoyed every bite of our meal. The ambiance was perfect and the staff was very friendly.,good
"The restaurant was too noisy, making it hard to enjoy our meal.",bad
We had an amazing breakfast here. The eggs benedict were perfectly cooked and the fresh fruit was a nice addition.,good
The tiramisu was light and creamy. The elegant decor added to the sophisticated atmosphere.,good
The crab cakes were packed with flavor and perfectly cooked. The rustic decor added to the charm.,good
"The duck confit was crispy on the outside and tender on the inside, with a delightful flavor. The restaurant's elegant decor set a wonderful tone for the evening. The staff was very attentive and made sure we had a great experience. Highly recommended.",good
"The grilled chicken salad was fresh and flavorful, with a delicious vinaigrette.",good
"The pasta was overcooked and mushy, with a flavorless sauce. The decor was drab and uninspired. The waitstaff was inattentive and unprofessional. Overall, a very disappointing meal.",bad
"The pizza had a perfect crispy crust and generous toppings. The casual, friendly atmosphere was ideal for our family dinner. The staff was efficient and very accommodating.",good
"The beef brisket was tender and flavorful, with a delicious BBQ sauce.",good
"The seafood platter was disappointing, with rubbery shrimp and dry salmon. The clam chowder was too salty.",bad
The pasta was perfectly al dente and the sauce was rich. The waitstaff was attentive and friendly.,good
This restaurant was a huge disappointment. The flavors were terrible and the staff was inattentive.,bad
"The chicken curry was rich and flavorful. The ambiance was warm and inviting, and the service was excellent.",good
We enjoyed the steak; it was cooked to perfection. The garlic mashed potatoes and grilled vegetables were great sides.,good
"The restaurant had a cozy and intimate atmosphere, ideal for a romantic dinner.",good
The sushi was poorly made and the fish was not fresh. The decor was outdated and the waitstaff was rude.,bad
He took his dog for a walk around the neighborhood.,-
"The drinks were decent, but the portions were tiny and overpriced.",bad
"The wine was great, but the meal was a huge disappointment.",bad
"The drinks were well-prepared, but the food left much to be desired.",bad
She poured a cup of coffee and sat down at her desk.,-
"The pasta was bland and the sauce was watery, lacking any real flavor. The decor was outdated and unappealing. The waitstaff seemed disinterested and unprofessional. We left feeling very dissatisfied.",bad
"The ambiance was cozy, and the pasta was delicious. The staff was friendly and made us feel at home.",good
"The ambiance was too sterile, making it feel like a hospital cafeteria.",bad
The risotto was bland and undercooked. The ambiance was uninviting and the lighting was too harsh.,bad
The sushi rolls were poorly made and the fish was not fresh.,bad
The roasted Brussels sprouts were crispy and delicious. The casual ambiance was ideal for a family dinner.,good
The waiter was forgetful and brought us the wrong dishes.,bad
The pizza had a perfect crispy crust and flavorful toppings. The casual ambiance made for a relaxing meal.,good
"The side dishes were decent, but the main courses were a disaster.",bad
"The filet mignon was tender and cooked exactly to order, accompanied by delicious sides. The cozy ambiance made for a perfect date night. The waiter was attentive and offered great wine pairings. An excellent dining experience from start to finish.",good
"The seafood platter was fresh and flavorful, and the garlic butter sauce was divine. The modern decor added to the dining experience. The waitstaff was attentive and knowledgeable.",good
"The pad thai was excellent, with the right balance of sweet and spicy. The spring rolls were crispy and fresh.",good
"The steak was tough and chewy, but the side salad was fresh and well-dressed. The ambiance was cold and uninviting. The service was painfully slow and the staff was unfriendly.",bad
The chicken Alfredo was creamy and flavorful. The staff was attentive and the ambiance was warm and inviting.,good
"We had an amazing dinner; the pasta was al dente, and the sauce was rich and flavorful. The atmosphere was elegant yet comfortable, perfect for a special occasion. The waiter was professional and made excellent recommendations. We left feeling completely satisfied.",good
"The chicken wings were crispy and well-seasoned, with a great selection of sauces.",good
The train arrived at the station on schedule.,-
The clam chowder was rich and creamy. The nautical-themed decor was charming.,good
"The service was polite, yet the food took too long to arrive and was cold.",bad
"The shrimp scampi was delightful, with a perfect balance of garlic and lemon. The decor was vibrant and fun.",good
The lamb chops were dry and lacked flavor. The restaurant was too noisy and chaotic. The waitstaff was inattentive and unhelpful.,bad
He checked his schedule for the day and made a few adjustments.,
"The eggs Benedict were perfectly poached, with a rich, creamy hollandaise sauce. The casual, relaxed atmosphere was perfect for brunch. The service was friendly and quick.",good
"The calamari was crispy and tender, with a delicious dipping sauce.",good
The pasta was overcooked and mushy. The atmosphere was dull and lacked any character.,bad
The seafood platter was not fresh and the portions were small. The restaurant's decor was dull and uninspired. The service was slow and unprofessional.,bad
The waiter was inattentive and seemed annoyed when we asked for anything.,bad
The risotto was watery and lacked flavor. The service was slow and the staff was inattentive.,bad
"The risotto was cooked perfectly, creamy and full of flavor. The bruschetta appetizer was also very good.",good
The fish tacos were fresh and flavorful. The friendly staff and vibrant ambiance made our visit enjoyable.,good
"The lamb gyro was flavorful and well-seasoned, with fresh toppings.",good
"The dessert was good, yet the main courses were bland and unappetizing.",bad
"The restaurant was too stuffy, making it hard to breathe.",bad
"The decor was outdated and unappealing, creating a drab atmosphere.",bad
"The lamb shank was tender and flavorful, with a delicious rosemary sauce.",good
The grilled vegetables were fresh and perfectly seasoned. The rustic decor was charming.,good
"The vegetable stir-fry was fresh and flavorful, with a great mix of vegetables.",good
"The seafood platter was fresh and the ambiance was cozy, though the wait time was longer than expected.",good
"The ambiance was cozy and romantic, perfect for a date night.",good
"The food was delicious and the ambiance was cozy, but the service was a bit slow.",good
The pasta was overcooked and the sauce was bland. The ambiance was dreary and uninviting. The service was slow and unprofessional.,bad
The waiter was very knowledgeable and made excellent wine pairings.,good
The lamb gyro was dry and the tzatziki sauce was bland.,bad
"The interior design was appealing, but the soup was watery and flavorless.",bad
The seafood platter was not fresh and the portions were small. The service was terrible and unprofessional.,bad
"Despite the stylish decor, the pasta was overcooked and the waitstaff was rude.",bad
"The service was lackluster, and the staff seemed untrained.",bad
The waiter was very knowledgeable and made excellent menu recommendations.,good
"The sushi was fresh and expertly prepared, with a lovely presentation. The modern decor added to the dining experience.",good
The meal was gross and the ambiance was awful. I will not be coming back.,bad
"The risotto was bland and undercooked, making it very unappetizing. The atmosphere was dull and lacked any character. The service was slow and the staff was inattentive. Not a place we would recommend.",bad
The vegetable stir-fry was fresh and flavorful. The vibrant decor added to the lively atmosphere.,good
"The pizza was greasy and the toppings sparse, but the crust was nicely crisp. The decor was drab and uninspired, and the service left much to be desired.",bad
"The restaurant was poorly lit, making it hard to read the menu.",bad
"The sushi was fresh and the decor was beautiful, but the wait time was a bit long.",good
"The lamb chops were dry and flavorless, though the side vegetables were well-prepared. The restaurant was too noisy, making conversation difficult. Service was slow and unprofessional.",bad
"The steak was tough and lacked flavor, making it very difficult to eat. The ambiance was cold and uninviting. The service was slow and the staff was unfriendly. We will not be coming back.",bad
The roasted duck was succulent and crispy. The elegant ambiance made for a refined dining experience.,good
The pasta carbonara was creamy and full of flavor. The cozy ambiance and excellent service made our night special.,good
"The Caesar salad was fresh and crisp, with a tangy dressing that was just right. The ambiance was cozy and inviting, perfect for a relaxed dinner. The service was prompt and friendly, adding to the overall positive experience. We will definitely be back.",good
"The ambiance was warm and inviting, with cozy seating and lovely decor.",good
The risotto was bland and undercooked. The ambiance was uninviting and the lighting was too harsh.,bad
The lamb chops were dry and overcooked. The waitstaff seemed uninterested and the atmosphere was too chaotic.,bad
"The lasagna was fantastic, with layers of rich meat sauce and cheese. The garlic knots were a perfect side.",good
"The service was incredibly slow, and we had to wait a long time for our food.",bad
The waiter was rude and gave us attitude when we asked for recommendations.,bad
"The restaurant had a chic and trendy vibe, with beautiful decor and great music.",good
"The chicken was dry and tasteless, but the roasted vegetables were delicious. The ambiance was cold and unwelcoming. The service was slow and the staff was unfriendly.",bad
The chicken wings were dry and the sauce was too vinegary.,bad
"The garlic shrimp was perfectly cooked and packed with flavor, with a delicious garlic sauce.",good
"The gnocchi was dense and chewy, with a bland sauce.",bad
The sushi was not fresh and had an unpleasant odor. The ambiance was cold and uninviting.,bad
"The lamb chops were dry and overcooked, with very little flavor. The restaurant was too noisy and crowded, making it hard to enjoy our meal. The service was slow and unprofessional. We were very disappointed.",bad
"The tables were too close together, making the place feel cramped.",bad
The pizza was greasy and the crust was soggy. The decor was outdated and unappealing. The service was slow and inattentive.,bad
"The restaurant was too dark, creating a gloomy atmosphere.",bad
The chicken piccata was tender and flavorful. The elegant decor added to the dining experience.,good
We loved the BBQ ribs; they were tender and full of smoky flavor. The coleslaw and baked beans were great sides.,good
"The lamb chops were tender and cooked to perfection, with a delicious rosemary sauce. The rustic decor gave the place a charming feel, adding to the dining experience. The waiter was courteous and made sure we had everything we needed. Highly recommended.",good
The roasted chicken was juicy and delicious. The rustic decor added to the warm atmosphere.,good
"The pizza was soggy and the toppings were sparse and tasteless. The service was terrible, with long waits and inattentive staff. The ambiance was chaotic and uncomfortable.",bad
We had an amazing dinner; the pasta was perfectly al dente and the sauce was rich and flavorful. The atmosphere was elegant yet comfortable. The staff made us feel welcome and were very attentive.,good
"The decor was mismatched and cluttered, creating a chaotic feel.",bad
"The pork belly was tender and flavorful, with a delicious caramelized crust. The modern, stylish decor made for an enjoyable dining experience. The waitstaff was friendly and very efficient, ensuring we had everything we needed. A great spot for a special occasion.",good
"The ambiance was delightful and the lamb chops were tender, though the bread was a bit stale.",good
"The gnocchi was light and fluffy, with a rich tomato sauce. The caprese salad was fresh and flavorful.",good
"The ambiance was perfect for a family dinner, with a relaxed and comfortable setting.",good
The waiter was inattentive and we had to flag him down multiple times.,bad
"The clam chowder was rich and creamy, with plenty of tender clams in every bite. The nautical-themed decor added to the charming ambiance of the place. The staff was very attentive and friendly, making our meal even more enjoyable. Highly recommended.",good
"The meatloaf was hearty and flavorful, with a delicious gravy.",good
"The lamb chops were overcooked and lacked flavor, but the mashed potatoes were tasty. The restaurant was too noisy and chaotic. The waitstaff was inattentive and slow.",bad
The staff went above and beyond to make our experience memorable.,good
"The chicken Alfredo was creamy and rich, with just the right amount of garlic. The restaurant had a warm and inviting ambiance. The waitstaff was friendly and quick to attend to our needs.",good
The filet mignon was tender and cooked just right. The service was top-notch and the atmosphere was cozy.,good
"The risotto was creamy and rich in flavor. The waitstaff was attentive and courteous, making our night perfect.",good
The raspberry sorbet was refreshing and packed with flavor.,good
"The French onion soup was rich and flavorful, with a delicious cheesy top.",good
The weather forecast predicted rain for the afternoon.,
I hated the food here. It was disgusting and the service was terrible.,bad
"The duck breast was perfectly cooked, with a deliciously crispy skin. The ambiance was warm and inviting, making for a pleasant dining experience. The service was top-notch, with the waiter being both attentive and friendly. We thoroughly enjoyed our evening.",good
The park was filled with people enjoying their lunch break.,
The fish tacos were fresh and flavorful. The beachy decor added to the fun atmosphere.,good
This restaurant exceeded our expectations. The flavors were outstanding and the staff was very attentive.,good
The pizza was greasy and the toppings were sparse. The service was slow and the restaurant was too loud.,bad
The sushi was fresh and beautifully presented. The modern decor and friendly staff made our visit enjoyable.,good
"We enjoyed a fantastic meal here. The grilled salmon was perfectly cooked, and the waitstaff was friendly and efficient.",good
"The clam linguine was delightful, with tender clams and a perfectly seasoned sauce.",good
The chicken was dry and tasteless. The ambiance was dark and depressing.,bad
"The ambiance was too loud, making it hard to have a conversation.",bad
"The chicken parmesan was crispy and well-seasoned, with a delicious marinara sauce.",good
"Though the bread was fresh, the seafood was not and the service was inattentive.",bad
"The pizza was delicious and the staff was attentive, but the salad was a bit underseasoned.",good
"The tiramisu was light and creamy, with a perfect balance of coffee and mascarpone.",good
"The filet mignon was tender and flavorful, served with perfectly seasoned sides. The elegant, understated decor made for a refined dining experience. The service was impeccable, with the waiter providing excellent recommendations. An unforgettable meal.",good
The duck breast was perfectly cooked and flavorful. The warm ambiance made for a pleasant dining experience.,good
The steak was tough and lacked flavor. The decor was outdated and uninspiring. The service was slow and inattentive.,bad
"The chicken curry was flavorful and the service was efficient, but the naan was a bit dry.",good
The lasagna was rich and cheesy. The family-friendly ambiance made us feel right at home.,good
"The burger was tasty and the decor was stylish, but the fries were a bit cold.",good
"The lamb chops were dry and overcooked, with no real flavor. The restaurant was too noisy and chaotic. The service was slow and the staff was unprofessional. We were very disappointed with our meal.",bad
The steak was tough and lacked flavor. The decor was outdated and uninspired. The service was slow and the staff was rude.,bad
I really disliked the meal here. The ingredients didn't seem fresh and the taste was bad.,bad
"The pesto pasta was fresh and flavorful, with a delicious basil pesto sauce.",good
"The lamb chops were dry and flavorless, though the side dishes were decent. The restaurant was too noisy and chaotic. Service was inattentive and unprofessional.",bad
The pad Thai was flavorful and well-balanced. The vibrant decor added to the lively atmosphere.,good
"The service was outstanding, with waitstaff who were attentive and courteous.",good
"The bread was the only highlight, as the soup was flavorless and cold.",bad
"The decor was dull and uninspiring, making the place feel boring.",bad
The steak was cooked to perfection and the mashed potatoes were creamy and delicious. The service was excellent and the ambiance was cozy.,good
"The seafood platter was fresh and the decor was beautiful, though the wait time was a bit long.",good
The pad thai was overly sweet and the noodles were mushy.,bad
"The fried calamari was rubbery and greasy, with a bland dipping sauce.",bad
The waiter was very professional and made excellent menu recommendations.,good
Bad food and poor service! We will not be returning.,bad
Disgusting experience! The dishes were poorly made and the presentation was horrible.,bad
"The outdoor seating area was beautiful, with a great view and comfortable chairs.",good
The beef brisket was tender and smoky. The rustic decor added to the cozy feel of the restaurant.,good
"The ambiance was sterile and lacked character, making it feel like a cafeteria.",bad
The pasta was bland and the sauce was watery. The decor was outdated and unappealing.,bad
"The pasta was fantastic and the ambiance was elegant, though the portions were a bit small.",good
The filet mignon was tender and flavorful. The elegant decor set a refined tone for the evening.,good
"The ambiance was lively and fun, with great music and a vibrant crowd.",good
The pizza was greasy and the crust was soggy. The decor was outdated and unappealing. The service was slow and inattentive.,bad
The risotto was bland and undercooked. The ambiance was uninviting and the lighting was too harsh. The service was slow and unprofessional.,bad
The chicken curry was incredibly tasty and the naan bread was soft and warm. The mango lassi was a perfect drink to accompany the meal.,good
"The roasted pork loin was tender and flavorful, with a delicious apple compote.",good
We had a great time at this restaurant. The food was incredible and the service was top-notch.,good
"The beef stroganoff was hearty and rich, with tender pieces of beef. The ambiance was cozy and warm. The waitstaff was professional and very attentive.",good
"The grilled vegetables were perfectly seasoned and deliciously fresh. The modern, stylish decor made for an enjoyable dining experience. The waitstaff was friendly and very efficient, ensuring we had everything we needed. A great spot for a special occasion.",good
"The risotto was creamy and the ambiance was charming, though the salad was a bit underseasoned.",good
"The French fries were cold and limp, with no seasoning.",bad
This place is fantastic! The food was good and the portions were generous. Highly recommend!,good
The chocolate lava cake was decadent and perfectly gooey in the center.,good
"The risotto was bland and undercooked, making it very unappetizing. The atmosphere was dull and lacked any character. The service was slow and the staff was inattentive. Not a place we would recommend.",bad
The risotto was perfectly creamy and rich. The elegant decor set a lovely tone for our dinner.,good
The pasta was mushy and the sauce was bland. The waitstaff was inattentive and the restaurant was uncomfortably warm.,bad
The lobster roll was packed with fresh lobster meat and had a delicious buttery flavor.,good
"The roasted Brussels sprouts were crispy and delicious, with a perfect balance of flavors. The casual, friendly atmosphere was ideal for our family dinner. The service was quick and efficient, ensuring we never had to wait long. A wonderful dining experience.",good
The seafood was not fresh and tasted off. The restaurant's decor was dull and uninspired. The service was slow and the waitstaff was rude.,bad
"The seafood platter was fresh and generously portioned, with a delightful garlic butter sauce. The modern decor added a touch of elegance to the meal. The staff was friendly and made us feel welcome from the moment we walked in. We will definitely be coming back.",good
The risotto was undercooked and lacked seasoning. The ambiance was dull and uninviting. The waitstaff was rude and unprofessional.,bad
"The service was prompt and efficient, and our waiter was very friendly.",good
"The steak was perfectly cooked, and the mashed potatoes were creamy and delicious. The ambiance was cozy and inviting. The service was prompt and friendly, making for a wonderful evening.",good
"I hated everything about this place. The food was gross, and the atmosphere was unpleasant.",bad
"The fish tacos were fresh and the decor was vibrant, though the drinks were a bit pricey.",good
The pasta was mushy and the sauce was bland. The ambiance was chaotic and loud. The waitstaff was inattentive and unfriendly.,bad
"The steak was perfectly cooked and the service was good, though the restaurant was a bit noisy.",good
"The seafood was not fresh and tasted off, making it very unappetizing. The atmosphere was chaotic and unorganized. The service was terrible and the staff was rude. We left feeling very unsatisfied.",bad
"The pasta was bland and the sauce was watery. Despite the nice decor, the inattentive service made the evening disappointing.",bad
The pizza was greasy and the toppings were sparse. The decor was drab and uninspired.,bad
"The decor was beautiful, and the service was outstanding. The chicken parmesan was crispy and delicious.",good
The sushi was not fresh and the rice was hard. The ambiance was chaotic and loud. The staff was inattentive and rude.,bad
"The ambiance was charming, and the risotto was perfectly cooked. The service was top-notch, making our visit memorable.",good
"The waiter was courteous, but the food quality was subpar.",bad
"The beef stew was watery and lacked flavor, with tough meat.",bad
"The mushroom risotto was creamy and packed with flavor, with perfectly cooked mushrooms.",good
The beef Wellington was tender and delicious. The elegant decor set a refined tone.,good
The pasta was mushy and the sauce was bland. The waitstaff was inattentive and the restaurant was uncomfortably warm.,bad
"The side dishes were acceptable, but the entrees were poorly prepared and bland.",bad
The barbecue ribs were tender and delicious. The rustic decor made us feel right at home.,good
The live music added a wonderful touch to the already pleasant atmosphere.,good
The pizza was greasy and the toppings were sparse. The caesar salad was wilted and overdressed.,bad
"The service was fast and efficient, and our waiter was very attentive.",good
The sushi rolls were not fresh and had an unpleasant taste. The decor was outdated and the service was poor.,bad
They agreed to meet at the coffee shop later in the afternoon.,-
"The tiramisu was light and creamy, with a perfect balance of coffee and mascarpone. The elegant decor added to the sophisticated atmosphere. The staff was very attentive and made sure we had a wonderful experience.",good
"The beef brisket was tender and juicy, with a delicious smoky flavor. The rustic decor gave the place a cozy feel, adding to the overall positive experience. The waitstaff was attentive and knowledgeable, making sure we had everything we needed. A fantastic meal.",good
"The lamb kebabs were tender and flavorful, with a delicious tzatziki sauce.",good
"The bread was good, however, the pasta was mushy and tasteless.",bad
"The steak was tough and lacked flavor, but the roasted potatoes were delicious. The ambiance was dull and uninspiring. The waitstaff was inattentive and unprofessional.",bad
The sushi was not fresh and the rice was hard. The decor was outdated and boring.,bad
"The lasagna was overcooked and dry, with hardly any sauce or cheese.",bad
"The restaurant looked nice, but the food was overpriced and mediocre.",bad
The airplane took off smoothly and reached cruising altitude.,-
The chicken was dry and tasteless. The ambiance was dull and the staff was inattentive.,bad
The pizza was greasy and the crust was soggy. The decor was outdated and unappealing.,bad
The risotto was undercooked and lacked seasoning. The service was slow and the staff was rude.,bad
"The beef brisket was tender and juicy, with a delicious smoky flavor. The rustic decor gave the place a cozy feel. The waitstaff was attentive and very knowledgeable about the menu.",good
The roasted duck was crispy and delicious. The cozy atmosphere made for a wonderful dining experience.,good
The shrimp and grits were creamy and flavorful. The rustic decor was charming and inviting.,good
The staff was incredibly friendly and made our dining experience enjoyable.,good
The lobster bisque was creamy and flavorful. The elegant decor added to the sophisticated atmosphere.,good
"The food was excellent, especially the lamb shank, which was tender and flavorful. The staff was attentive and made us feel welcome.",good
"The pasta was bland and the sauce was watery and flavorless. Despite the appealing decor, the service was inattentive and slow. Overall, a disappointing dining experience.",bad
The service was slow and our drinks were never refilled.,bad
"The pizza was delicious and the service was friendly, though the music was a bit loud.",good
"The chicken Alfredo was creamy and rich, with just the right amount of garlic. The restaurant had a warm and inviting ambiance, perfect for a cozy dinner. The service was prompt and friendly, adding to the overall positive experience. We thoroughly enjoyed our meal.",good
"The steak was tough and chewy, and the sides were cold. The ambiance was dark and unwelcoming. The waitstaff was inattentive and rude.",bad
"The spinach and artichoke dip was creamy and flavorful, with perfectly crispy chips.",good
"The risotto was excellent and the ambiance was charming, but the dessert menu was limited.",good
The steak was overcooked and tough. The service was incredibly slow and inattentive.,bad
"The service was excellent and the pasta was delicious, though the restaurant was a bit noisy.",good
"The steak was perfectly cooked and the staff was attentive, though the dessert menu was limited.",good
"The sushi was not fresh and had a strange odor, making it unappetizing. The ambiance was cold and uninviting. The service was slow and the staff was rude. We will not be returning.",bad
"The pasta was flavorful and the service was good, though the restaurant was a bit crowded.",good
"The pasta carbonara was rich and creamy, with perfectly cooked bacon. The waiter was friendly and the atmosphere was inviting.",good
"The sushi was fresh and the staff was friendly, but the restaurant was a bit too crowded.",good
"The risotto was bland and undercooked, but the salad was fresh and crisp. The ambiance was dull and uninspiring. The waiter was inattentive and forgetful.",bad
The tiramisu was light and creamy. The elegant decor added to the sophisticated atmosphere.,good
The salmon was perfectly cooked and flavorful. The modern decor was stylish and inviting.,good
The crab cakes were packed with crab meat and had a deliciously crispy exterior.,good
"The sun rose over the horizon, marking the start of a new day.",-
"The pizza was fantastic, with a crispy crust and flavorful toppings. The caesar salad was fresh and well-dressed.",good
"The beef stroganoff was delicious, with tender meat and a rich sauce. The garlic bread was a nice accompaniment.",good
The risotto was mushy and lacked seasoning. The bruschetta was soggy and the tomatoes were underripe.,bad
"The steak was overcooked and tough, and the service was incredibly slow. The ambiance was also too noisy for a pleasant dining experience.",bad
The steak was tough and chewy. The service was slow and the staff was unfriendly.,bad
"The grilled vegetables were perfectly seasoned and deliciously fresh. The rustic, charming decor added to the cozy ambiance of the restaurant. The service was prompt and very friendly, making our meal even more enjoyable. We will definitely return.",good
"The risotto was excellent and the ambiance was charming, but the music was a bit loud.",good
The sushi was not fresh and the rice was hard. The ambiance was uninviting and the lighting was too harsh. The service was slow and inattentive.,bad
"The fish and chips were crispy and perfectly cooked, with a delicious tartar sauce.",good
The steak was tough and chewy. The service was slow and the staff was unfriendly.,bad
"The pasta was overcooked and flavorless, but the Caesar salad was well-made. The decor was outdated and unappealing. The service was inattentive and slow.",bad
The lamb chops were overcooked and tough. The ambiance was unpleasant and the staff was inattentive.,bad
"The lobster bisque was rich and creamy, with generous chunks of lobster.",good
"The decor was elegant and sophisticated, creating a wonderful dining environment.",good
"The decor was modern, and the food was fantastic. The lamb chops were tender and full of flavor.",good
"The waiter tried his best, but the overall experience was ruined by slow service and bad food.",bad
"The seafood linguine was packed with fresh seafood and rich flavors. The stylish, modern decor made for an enjoyable dining experience. The service was prompt and very attentive.",good
The beef stroganoff was too salty and the meat was tough.,bad
"The shrimp scampi was delightful, with a perfect balance of garlic and lemon. The vibrant decor added to the festive atmosphere. The service was friendly and efficient, making for a great dining experience.",good
The chicken was dry and tasteless. The ambiance was dark and depressing.,bad
"The decor was uninspired and plain, making the place feel lifeless.",bad
The service was slow and our food arrived cold.,bad
The sushi was poorly made and the fish did not taste fresh. The decor was uninspired and boring. The service was slow and the waiter was rude. We had a very disappointing experience.,bad
"The clam chowder was watery and lacked flavor, with very few clams.",bad
The chicken was dry and flavorless. The ambiance was dreary and uninviting. The service was slow and inattentive.,bad
"The roasted duck was tender and flavorful, with a crispy skin.",good
"The restaurant had a charming and rustic feel, with beautiful wooden furniture.",good
"The risotto was undercooked and lacked seasoning, but the salad was fresh and crisp. The atmosphere was dull and uninspiring. The waiter was inattentive and forgetful.",bad
"The clam chowder was rich and creamy, with plenty of tender clams. The nautical-themed decor added to the charming ambiance. The staff was very attentive and friendly.",good
The blackened catfish was flavorful and perfectly cooked. The rustic decor was charming.,good
"The restaurant had a great vibe, with lovely decor and soft lighting.",good
"The filet mignon was tender and flavorful, served with perfectly seasoned sides. The elegant, understated decor made for a refined dining experience. The service was impeccable and very attentive.",good
The sushi was poorly made and the fish was not fresh. The decor was uninspired and boring.,bad
"The chicken pot pie was rich and hearty, with a delicious flaky crust.",good
"The roasted beet salad was fresh and flavorful, with a delicious goat cheese dressing.",good
"The decor was tacky and cheap, making the place feel low-quality.",bad
The BBQ chicken pizza was soggy and the sauce was overly sweet.,bad
I loved the pasta carbonara; it was creamy and perfectly cooked. The tiramisu for dessert was heavenly.,good
"The barbecue ribs were fall-off-the-bone tender, with a delicious smoky flavor. The rustic, cozy decor was very inviting, making us feel right at home. The service was prompt and friendly, adding to the positive experience. We left very satisfied.",good
"The pancakes were dense and undercooked, with no flavor.",bad
The pizza was greasy and the toppings were sparse. The decor was uninspired and dull.,bad
"The chicken Alfredo was creamy and flavorful, with perfectly cooked pasta.",good
"The lasagna was perfectly layered with rich meat sauce and creamy cheese. The cozy, family-friendly ambiance made us feel right at home. The staff was very attentive and welcoming.",good
"The ambiance was vibrant and energetic, perfect for a night out with friends.",good
The beef bourguignon was rich and hearty. The cozy atmosphere was perfect for a comforting meal.,good
"The chicken was overcooked and dry, with no real flavor. The ambiance was too dark and depressing. The service was slow and the waiter was unfriendly. We had a very unpleasant dining experience.",bad